{"cameraMode":{"drawMode":0,"name":"Shaded","section":"Shading Mode"},"sceneLighting":true,"audioPlay":false,"sceneViewState":{"showFog":true,"showMaterialUpdate":false,"showSkybox":true,"showFlares":true,"showImageEffects":true,"showParticleSystems":true},"in2DMode":false,"pivot":{"x":27.205055236816408,"y":-31.653236389160158,"z":65.08233642578125},"rotation":{"x":0.2755841910839081,"y":-0.027395522221922876,"z":0.007857670076191426,"w":0.9608543515205383},"size":288.2056884765625,"orthographic":false}